/* club de foot de la ligue 1 */
INSERT INTO club (id, name, id_coach, id_stadium, id_league, id_country, id_city)
VALUES
    (1, 'Paris Saint-Germain', 1, 1, 1, 1, 1),
    (2, 'Olympique de Marseille', 2, 2, 1, 1, 2),
    (3, 'Olympique Lyonnais', 3, 3, 1, 1, 3),
    (4, 'AS Monaco', 4, 4, 1, 1, 4),
    (5, 'Clermont Foot 63', 5, 5, 1, 1, 5),
    (6, 'FC Nantes', 6, 6, 1, 1, 6),
    (7, 'Stade Rennais FC', 7, 7, 1, 1, 7),
    (8, 'Montpellier Hérault SC', 8, 8, 1, 1, 8),
    (9, 'FC Lorient', 9, 9, 1, 1, 9),
    (10, 'Toulouse FC', 10, 10, 1, 1, 10),
    (11, 'Havre Athletic Club', 11, 11, 1, 1, 11),
    (12, 'OGC Nice', 12, 12, 1, 1, 12),
    (13, 'RC Lens', 13, 13, 1, 1, 13),
    (14, 'Stade Brestois 29', 14, 14, 1, 1, 14),
    (15, 'FC Metz', 15, 15, 1, 1, 15),
    (16, 'LOSC Lille', 16, 16, 1, 1, 16),
    (17, 'RC Strasbourg Alsace', 17, 17, 1, 1, 17),
    (18, 'Stade de Reims', 18, 18, 1, 1, 18),
/* club de la serie A */
    (19, 'Juventus', 19, 19, 2, 2, 19),
    (20, 'Inter Milan', 20, 20, 2, 2, 20),
    (21, 'AC Milan', 21, 21, 2, 2, 21),
    (22, 'AS Roma', 22, 22, 2, 2, 22),
    (23, 'SSC Napoli', 23, 23, 2, 2, 23),
    (24, 'Atalanta BC', 24, 24, 2, 2, 24),
    (25, 'Lazio', 25, 25, 2, 2, 25),
    (26, 'Torino FC', 26, 26, 2, 2, 26),
    (27, 'Bologna FC', 27, 27, 2, 2, 27),
    (28, 'Salernitana', 28, 28, 2, 2, 28),
    (29, 'US Sassuolo', 29, 29, 2, 2, 29),
    (30, 'Hellas Verona', 30, 30, 2, 2, 30),
    (31, 'Udinese Calcio', 31, 31, 2, 2, 31),
    (32, 'Cagliari Calcio', 32, 32, 2, 2, 32),
    (33, 'Empoli', 33, 33, 2, 2, 33),
    (34, 'Genoa CFC', 34, 34, 2, 2, 34),
    (35, 'Fiorentina', 35, 35, 2, 2, 35),
    (36, 'Monza', 36, 36, 2, 2, 36),
    (37, 'Lecce', 37, 37, 2, 2, 37),
    (96, 'Frosinone', 96, 96, 2, 2, 96),
/* club de la liga */
    (38, 'Real Madrid', 38, 38, 3, 3, 38),
    (39, 'FC Barcelona', 39, 39, 3, 3, 39),
    (40, 'Atlético Madrid', 40, 40, 3, 3, 40),
    (41, 'Valencia CF', 41, 41, 3, 3, 41),
    (42, 'Sevilla FC', 42, 42, 3, 3, 42),
    (43, 'Real Betis', 43, 43, 3, 3, 43),
    (44, 'Villarreal CF', 44, 44, 3, 3, 44),
    (45, 'Real Sociedad', 45, 45, 3, 3, 45),
    (46, 'Athletic Bilbao', 46, 46, 3, 3, 46),
    (47, 'Deportivo Alavés', 47, 47, 3, 3, 47),
    (48, 'Celta Vigo', 48, 48, 3, 3, 48),
    (49, 'Almeria', 49, 49, 3, 3, 49),
    (50, 'Getafe CF', 50, 50, 3, 3, 50),
    (51, 'Cadix', 51, 51, 3, 3, 51),
    (52, 'Girona', 52, 52, 3, 3, 52),
    (53, 'Las Palmas', 53, 53, 3, 3, 53),
    (54, 'Granada CF', 54, 54, 3, 3, 54),
    (55, 'CA Osasuna', 55, 55, 3, 3, 55),
    (56, 'Rayo Vallecano', 56, 56, 3, 3, 56),
    (57, 'RCD Mallorca', 57, 57, 3, 3, 57),
/* club de la bundesliga */
    (58, 'Bayern Munich', 58, 58, 4, 4, 58),
    (59, 'Borussia Dortmund', 59, 59, 4, 4, 59),
    (60, 'RB Leipzig', 60, 60, 4, 4, 60),
    (61, 'Bayer Leverkusen', 61, 61, 4, 4, 61),
    (62, 'Borussia Mönchengladbach', 62, 62, 4, 4, 62),
    (63, 'VfL Wolfsburg', 63, 63, 4, 4, 63),
    (64, 'Eintracht Frankfurt', 64, 64, 4, 4, 64),
    (65, 'Werder Bremen', 65, 65, 4, 4, 65),
    (66, 'TSG Hoffenheim', 66, 66, 4, 4, 66),
    (67, 'FC Augsburg', 67, 67, 4, 4, 67),
    (68, 'Heidenheim', 68, 68, 4, 4, 68),
    (69, '1. FC Union Berlin', 69, 69, 4, 4, 69),
    (70, 'SC Freiburg', 70, 70, 4, 4, 70),
    (71, 'VfB Stuttgart', 71, 71, 4, 4, 71),
    (72, '1. FC Köln', 72, 72, 4, 4, 72),
    (73, 'Darmstadt', 73, 73, 4, 4, 73),
    (74, 'FSV Mainz 05', 74, 74, 4, 4, 74),
    (75, 'Bochum', 75, 75, 4, 4, 75),
/*club premier league*/
    (76, 'Manchester City', 76, 76, 5, 5, 76),
    (77, 'Manchester United', 77, 77, 5, 5, 77),
    (78, 'Liverpool FC', 78, 78, 5, 5, 78),
    (79, 'Chelsea FC', 79, 79, 5, 5, 79),
    (80, 'Tottenham Hotspur', 80, 80, 5, 5, 80),
    (81, 'Arsenal FC', 81, 81, 5, 5, 81),
    (82, 'Nottingham Forest', 82, 82, 5, 5, 82),
    (83, 'West Ham United', 83, 83, 5, 5, 83),
    (84, 'Everton FC', 84, 84, 5, 5, 84),
    (85, 'Aston Villa', 85, 85, 5, 5, 85),
    (86, 'Fulham', 86, 86, 5, 5, 86),
    (87, 'Wolverhampton Wanderers', 87, 87, 5, 5, 87),
    (88, 'Crystal Palace', 88, 88, 5, 5, 88),
    (89, 'Luton Town', 89, 89, 5, 5, 89),
    (90, 'Newcastle United', 90, 90, 5, 5, 90),
    (91, 'Brighton & Hove Albion', 91, 91, 5, 5, 91),
    (92, 'Burnley FC', 92, 92, 5, 5, 92),
    (93, 'Bournemouth', 93, 93, 5, 5, 93),
    (94, 'Sheffield United', 94, 94, 5, 5, 94),
    (95, 'Brentford FC', 95, 95, 5, 5, 95)
;

INSERT INTO country (id, name)
VALUES
    (1, 'France'),
    (7, 'Brésil'),
    (8, 'Argentine'),
    (4, 'Allemagne'),
    (3, 'Espagne'),
    (6, 'Portugal'),
    (2, 'Italie'),
    (5, 'Angleterre'),
    (9, 'Pays-Bas'),
    (10, 'Belgique'),
    (11, 'Suisse'),
    (12, 'Suède'),
    (13, 'Norvège'),
    (14, 'Danemark'),
    (15, 'Australie'),
    (16, 'États-Unis'),
    (17, 'Canada'),
    (18, 'Japon'),
    (19, 'Corée du Sud'),
    (20, 'Mexique'),
    (21, 'Chine'),
    (22, 'Russie'),
    (23, 'Ghana'),
    (24, 'Nigeria'),
    (25, 'Cameroun'),
    (26, 'Sénégal'),
    (27, 'Tunisie'),
    (28, 'Maroc'),
    (29, 'Égypte'),
    (30, 'Argentine'),
    (31, 'Uruguay'),
    (32, 'Chili'),
    (33, 'Colombie'),
    (34, 'Venezuela'),
    (35, 'Équateur'),
    (36, 'Paraguay'),
    (37, 'Bolivie'),
    (38, 'Pérou'),
    (39, 'Costa Rica'),
    (40, 'Panama'),
    (41, 'Guatemala'),
    (42, 'Honduras'),
    (43, 'Nicaragua'),
    (44, 'El Salvador'),
    (45, 'Porto Rico'),
    (46, 'République dominicaine'),
    (47, 'Cuba'),
    (48, 'Haïti'),
    (49, 'Trinité-et-Tobago'),
    (50, 'Jamaïque'),
    (51, 'Bahamas'),
    (52, 'Puerto Rico'),
    (53, 'Curaçao'),
    (54, 'Barbade'),
    (55, 'Guyane'),
    (56, 'Surinam'),
    (57, 'Trinité-et-Tobago'),
    (58, 'Guyana'),
    (59, 'Azerbaïdjan'),
    (60, 'Kazakhstan'),
    (61, 'Tadjikistan'),
    (62, 'Turkménistan'),
    (63, 'Kirghizistan'),
    (64, 'Arménie'),
    (65, 'Géorgie'),
    (66, 'Ukraine'),
    (67, 'Pologne'),
    (68, 'République tchèque'),
    (69, 'Slovaquie'),
    (70, 'Autriche'),
    (71, 'Hongrie'),
    (72, 'Bulgarie'),
    (73, 'Grèce'),
    (74, 'Roumanie'),
    (75, 'Moldavie'),
    (76, 'Croatie'),
    (77, 'Serbie'),
    (78, 'Bosnie-Herzégovine'),
    (79, 'Monténégro'),
    (80, 'Albanie'),
    (81, 'Macédoine du Nord'),
    (82, 'Kosovo'),
    (83, 'Slovénie'),
    (84, 'Lituanie'),
    (85, 'Lettonie'),
    (86, 'Estonie'),
    (87, 'Finlande'),
    (88, 'Islande'),
    (89, 'Irlande'),
    (90, 'Écosse'),
    (91, 'Irlande du Nord'),
    (92, 'Luxembourg'),
    (93, 'Monaco'),
    (94, 'Andorre'),
    (95, 'Saint-Marin'),
    (96, 'Malte'),
    (97, 'Vatican'),
    (98, 'Chypre'),
    (99, 'Israël'),
    (100, 'Liban'),
    (101, 'Jordanie')
;

INSERT INTO city (id, name, id_country)
VALUES
    (1, 'Paris', 1),
    (2, 'Marseille', 1),
    (3, 'Lyon', 1),
    (4, 'Monaco', 1),
    (5, 'Clermont-Ferrand', 1),
    (6, 'Nantes', 1),
    (7, 'Rennes', 1),
    (8, 'Montpellier', 1),
    (9, 'Lorient', 1),
    (10, 'Toulouse', 1),
    (11, 'Le Havre', 1),
    (12, 'Nice', 1),
    (13, 'Lens', 1),
    (14, 'Brest', 1),
    (15, 'Metz', 1),
    (16, 'Lille', 1),
    (17, 'Strasbourg', 1),
    (18, 'Reims', 1),
    (19, 'Turin', 2),
    (20, 'Milan', 2),
    (21, 'Rome', 2),
    (22, 'Naples', 2),
    (23, 'Bergame', 2),
    (24, 'Bologne', 2),
    (25, 'Rome', 2),
    (26, 'Turin', 2),
    (27, 'Bologne', 2),
    (28, 'Salerno', 2),
    (29, 'Sassuolo', 2),
    (30, 'Vérone', 2),
    (31, 'Udine', 2),
    (32, 'Cagliari', 2),
    (33, 'Empoli', 2),
    (34, 'Gênes', 2),
    (35, 'Florence', 2),
    (36, 'Monza', 2),
    (37, 'Lecce', 2),
    (38, 'Madrid', 3),
    (39, 'Barcelone', 3),
    (40, 'Madrid', 3),
    (41, 'Valence', 3),
    (42, 'Séville', 3),
    (43, 'Séville', 3),
    (44, 'Villarreal', 3),
    (45, 'Saint-Sébastien', 3),
    (46, 'Bilbao', 3),
    (47, 'Vitoria-Gasteiz', 3),
    (48, 'Vigo', 3),
    (49, 'Almería', 3),
    (50, 'Getafe', 3),
    (51, 'Cadix', 3),
    (52, 'Gérone', 3),
    (53, 'Las Palmas', 3),
    (54, 'Grenade', 3),
    (55, 'Pampelune', 3),
    (56, 'Elche', 3),
    (57, 'Palma', 3),
    (58, 'Munich', 4),
    (59, 'Dortmund', 4),
    (60, 'Leipzig', 4),
    (61, 'Leverkusen', 4),
    (62, 'Mönchengladbach', 4),
    (63, 'Wolfsburg', 4),
    (64, 'Francfort-sur-le-Main', 4),
    (65, 'Brême', 4),
    (66, 'Hoffenheim', 4),
    (67, 'Augsbourg', 4),
    (68, 'Heidenheim', 4),
    (69, 'Berlin', 4),
    (70, 'Fribourg-en-Brisgau', 4),
    (71, 'Stuttgart', 4),
    (72, 'Cologne', 4),
    (73, 'Darmstadt', 4),
    (74, 'Mayence', 4),
    (75, 'Bochum', 4),
    (76, 'Manchester', 5),
    (77, 'Manchester', 5),
    (78, 'Liverpool', 5),
    (79, 'Londres', 5),
    (80, 'Londres', 5),
    (81, 'Londres', 5),
    (82, 'Nottingham', 5),
    (83, 'Londres', 5),
    (84, 'Liverpool', 5),
    (85, 'Birmingham', 5),
    (86, 'Londres', 5),
    (87, 'Wolverhampton', 5),
    (88, 'Londres', 5),
    (89, 'Luton', 5),
    (90, 'Newcastle', 5),
    (91, 'Brighton', 5),
    (92, 'Burnley', 5),
    (93, 'Bournemouth', 5),
    (94, 'Sheffield', 5),
    (95, 'Brentford', 5),
    (96, 'Frosinone', 2)    
;
INSERT INTO league (id, name, id_country)
VALUES
    (1, 'Ligue 1', 1),
    (2, 'Serie A', 2),
    (3, 'Liga', 3),
    (4, 'Bundesliga', 4),
    (5, 'Premier League', 5)
;
INSERT INTO stadium (id, name, id_club, id_country, id_city)
VALUES 
    (1, 'Parc des Princes', 1, 1, 1),
    (2, 'Stade Vélodrome', 2, 1, 2),
    (3, 'Groupama Stadium', 3, 1, 3),
    (4, 'Stade Louis II', 4, 1, 4),
    (5, 'Stade Gabriel Montpied', 5, 1, 5),
    (6, 'Stade de la Beaujoire', 6, 1, 6),
    (7, 'Roazhon Park', 7, 1, 7),
    (8, 'Stade de la Mosson', 8, 1, 8),
    (9, 'Stade du Moustoir', 9, 1, 9),
    (10, 'Stadium de Toulouse', 10, 1, 10),
    (11, 'Stade Océane', 11, 1, 11),
    (12, 'Allianz Riviera', 12, 1, 12),
    (13, 'Stade Bollaert-Delelis', 13, 1, 13),
    (14, 'Stade Francis-Le Blé', 14, 1, 14),
    (15, 'Stade Saint-Symphorien', 15, 1, 15),
    (16, 'Stade Pierre-Mauroy', 16, 1, 16),
    (17, 'Stade de la Meinau', 17, 1, 17),
    (18, 'Stade Auguste-Delaune', 18, 1, 18),
    (19, 'Allianz Stadium', 19, 2, 19),
    (20, 'Stade Giuseppe-Meazza', 20, 2, 20),
    (21, 'Stade Giuseppe-Meazza', 21, 2, 20),
    (22, 'Stade Olympique', 22, 2, 21),
    (23, 'Stade Diego-Armando-Maradona', 23, 2, 22),
    (24, 'Stade Atleti Azzurri d''Italia', 24, 2, 23),
    (25, 'Stade Olympique de Rome', 25, 2, 21),
    (26, 'Stade Olimpico Grande Torino', 26, 2, 26),
    (27, 'Stade Renato-Dall''Ara', 27, 2, 27),
    (28, 'Stade Arechi', 28, 2, 28),
    (29, 'Stade Città del Tricolore', 29, 2, 29),
    (30, 'Stade Marcantonio-Bentegodi', 30, 2, 30),
    (31, 'Stade Friuli', 31, 2, 31),
    (32, 'Stade Sant''Elia', 32, 2, 32),
    (33, 'Stade Carlo-Castellani', 33, 2, 33),
    (34, 'Stade Luigi-Ferraris', 34, 2, 34),
    (35, 'Stade Artemio-Franchi', 35, 2, 35),
    (36, 'Stade Brianteo', 36, 2, 36),
    (37, 'Stade Via del Mare', 37, 2, 37),
    (38, 'Stade Santiago-Bernabéu', 38, 3, 38),
    (39, 'Camp Nou', 39, 3, 39),
    (40, 'Wanda Metropolitano', 40, 3, 38),
    (41, 'Stade Mestalla', 41, 3, 41),
    (42, 'Stade Ramón-Sánchez-Pizjuán', 42, 3, 42),
    (43, 'Stade Benito-Villamarín', 43, 3, 43),
    (44, 'Stade de la Céramique', 44, 3, 44),
    (45, 'Stade Anoeta', 45, 3, 45),
    (46, 'Stade San Mamés', 46, 3, 46),
    (47, 'Stade de Mendizorroza', 47, 3, 47),
    (48, 'Stade Balaídos', 48, 3, 48),
    (49, 'Stade des Jeux méditerranéens', 49, 3, 49),
    (50, 'Stade Coliseum Alfonso Pérez', 50, 3, 50),
    (51, 'Stade Ramón de Carranza', 51, 3, 51),
    (52, 'Stade Montilivi', 52, 3, 52),
    (53, 'Stade de Gran Canaria', 53, 3, 53),
    (54, 'Stade Nuevo Los Cármenes', 54, 3, 54),
    (55, 'Stade El Sadar', 55, 3, 55),
    (56, 'Stade Martínez Valero', 56, 3, 56),
    (57, 'Stade de Son Moix', 57, 3, 57),
    (58, 'Allianz Arena', 58, 4, 58),
    (59, 'Signal Iduna Park', 59, 4, 59),
    (60, 'Red Bull Arena', 60, 4, 60),
    (61, 'BayArena', 61, 4, 61),
    (62, 'Borussia-Park', 62, 4, 62),
    (63, 'Volkswagen Arena', 63, 4, 63),
    (64, 'Deutsche Bank Park', 64, 4, 64),
    (65, 'Weserstadion', 65, 4, 65),
    (66, 'PreZero Arena', 66, 4, 66),
    (67, 'WWK Arena', 67, 4, 67),
    (68, 'Voith-Arena', 68, 4, 68),
    (69, 'Stade An der Alten Försterei', 69, 4, 69),
    (70, 'Schwarzwald-Stadion', 70, 4, 70),
    (71, 'Mercedes-Benz Arena', 71, 4, 71),
    (72, 'RheinEnergieStadion', 72, 4, 72),
    (73, 'Merck-Stadion am Böllenfalltor', 73, 4, 73),
    (74, 'Opel Arena', 74, 4, 74),
    (75, 'Vonovia Ruhrstadion', 75, 4, 75),
    (76, 'Etihad Stadium', 76, 5, 76),
    (77, 'Old Trafford', 77, 5, 77),
    (78, 'Anfield', 78, 5, 78),
    (79, 'Stamford Bridge', 79, 5, 79),
    (80, 'Tottenham Hotspur Stadium', 80, 5, 80),
    (81, 'Emirates Stadium', 81, 5, 81),
    (82, 'City Ground', 82, 5, 82),
    (83, 'London Stadium', 83, 5, 83),
    (84, 'Goodison Park', 84, 5, 84),
    (85, 'Villa Park', 85, 5, 85),
    (86, 'Craven Cottage', 86, 5, 86),
    (87, 'Molineux Stadium', 87, 5, 87),
    (88, 'Selhurst Park', 88, 5, 88),
    (89, 'Kenilworth Road', 89, 5, 89),
    (90, 'St James'' Park', 90, 5, 90),
    (91, 'Falmer Stadium', 91, 5, 91),
    (92, 'Turf Moor', 92, 5, 92),
    (93, 'Vitality Stadium', 93, 5, 93),
    (94, 'Bramall Lane', 94, 5, 94),
    (95, 'Brentford Community Stadium', 95, 5, 95),
    (96, 'Stade Benito-Stirpe', 96, 2, 96)
;
INSERT INTO coach (id, name, surname, id_club, age, id_country, id_city)
VALUES
    (1, 'Mauricio', 'Pochettino', 1, 49, 8, 3),
    (2, 'Jorge', 'Sampaoli', 2, 61, 8, 3),
    (3, 'Peter', 'Bosz', 3, 57, 4, 61),
    (4, 'Niko', 'Kovač', 4, 50, 4, 58),
    (5, 'Nasser', 'Larguet', 5, 62, 8, 22),
    (6, 'Antoine', 'Kombouaré', 6, 57, 8, 1),
    (7, 'Bruno', 'Genesio', 7, 55, 8, 3),
    (8, 'Niko', 'Kovač', 8, 50, 4, 58),
    (9, 'Christophe', 'Pélissier', 9, 56, 8, 1),
    (10, 'Philippe', 'Montanier', 10, 56, 8, 1),
    (11, 'Paul', 'Le Guen', 11, 57, 8, 1),
    (12, 'Christophe', 'Galtier', 12, 55, 8, 1),
    (13, 'Franck', 'Haise', 13, 42, 8, 1),
    (14, 'Michel', 'Der Zakarian', 14, 58, 8, 1),
    (15, 'Jocelyn', 'Gourvennec', 15, 49, 8, 1),
    (16, 'Jocelyn', 'Gourvennec', 16, 49, 8, 1),
    (17, 'Julien', 'Stéphan', 17, 40, 8, 1),
    (18, 'Olivier', 'Dall''Oglio', 18, 57, 8, 1),
    (19, 'Massimiliano', 'Allegri', 19, 54, 2, 19),
    (20, 'Simone', 'Inzaghi', 20, 45, 2, 20),
    (21, 'Stefano', 'Pioli', 21, 55, 2, 20),
    (22, 'José', 'Mourinho', 22, 58, 2, 21),
    (23, 'Luciano', 'Spalletti', 23, 62, 2, 22),
    (24, 'Gian Piero', 'Gasperini', 24, 63, 2, 23),
    (25, 'Maurizio', 'Sarri', 25, 62, 2, 21),
    (26, 'Ivan', 'Jurić', 26, 46, 2, 26),
    (27, 'Siniša', 'Mihajlović', 27, 52, 2, 21),
    (28, 'Fabio', 'Liverani', 28, 45, 2, 28),
    (29, 'Roberto', 'De Zerbi', 29, 42, 2, 29),
    (30, 'Ivan', 'Jurić', 30, 46, 2, 26),
    (31, 'Luigi', 'Di Biagio', 31, 50, 2, 21),
    (32, 'Leonardo', 'Semplici', 32, 54, 2, 33),
    (33, 'Aurelio', 'Andreazzoli', 33, 67, 2, 33),
    (34, 'Davide', 'Ballardini', 34, 57, 2, 34),
    (35, 'Vincenzo', 'Italiano', 35, 43, 2, 35),
    (36, 'Cristian', 'Brocchi', 36, 45, 2, 36),
    (37, 'Fabio', 'Liverani', 37, 45, 2, 28),
    (38, 'Carlo', 'Ancelotti', 38, 62, 3, 38),
    (39, 'Ronald', 'Koeman', 39, 58, 3, 39),
    (40, 'Diego', 'Simeone', 40, 51, 3, 40),
    (41, 'Javi', 'Gracia', 41, 51, 3, 41),
    (42, 'Julen', 'Lopetegui', 42, 55, 3, 42),
    (43, 'Manuel', 'Pellegrini', 43, 68, 3, 43),
    (44, 'Unai', 'Emery', 44, 49, 3, 44),
    (45, 'Imanol', 'Alguacil', 45, 50, 3, 45),
    (46, 'Marcelino', 'García Toral', 46, 56, 3, 46),
    (47, 'Javier', 'Calleja', 47, 43, 3, 47),
    (48, 'Eduardo', 'Coudet', 48, 47, 3, 48),
    (49, 'José', 'Gomes', 49, 50, 3, 49),
    (50, 'Álvaro', 'Cervera', 50, 55, 3, 50),
    (51, 'Francisco', 'Rodríguez', 51, 45, 3, 51),
    (52, 'Francisco', 'Rodríguez', 52, 45, 3, 51),
    (53, 'Pepe', 'Mel', 53, 58, 3, 53),
    (54, 'Diego', 'Martínez', 54, 40, 3, 54),
    (55, 'Jagoba', 'Arrasate', 55, 43, 3, 55),
    (56, 'Jorge', 'Almirón', 56, 50, 3, 56),
    (57, 'Luis', 'García Plaza', 57, 48, 3, 57),
    (58, 'Hans-Dieter', 'Flick', 58, 56, 4, 58),
    (59, 'Marco', 'Rose', 59, 45, 4, 59),
    (60, 'Jesse', 'Marsch', 60, 47, 4, 60),
    (61, 'Gerardo', 'Seoane', 61, 43, 4, 61),
    (62, 'Adi', 'Hütter', 62, 51, 4, 62),
    (63, 'Mark', 'van Bommel', 63, 44, 4, 63),
    (64, 'Oliver', 'Glasner', 64, 47, 4, 64),
    (65, 'Florian', 'Kohfeldt', 65, 38, 4, 65),
    (66, 'Sebastian', 'Hoeness', 66, 39, 4, 66),
    (67, 'Markus', 'Weinzierl', 67, 46, 4, 67),
    (68, 'Frank', 'Schmidt', 68, 47, 4, 68),
    (69, 'Urs', 'Fischer', 69, 55, 4, 69),
    (70, 'Christian', 'Streich', 70, 56, 4, 70),
    (71, 'Pellegrino', 'Matarazzo', 71, 44, 4, 71),
    (72, 'Steffen', 'Baumgart', 72, 49, 4, 72),
    (73, 'Markus', 'Gisdol', 73, 52, 4, 73),
    (74, 'Bo', 'Svensson', 74, 41, 4, 74),
    (75, 'Thomas', 'Reis', 75, 48, 4, 75),
    (76, 'Pep', 'Guardiola', 76, 50, 5, 76),
    (77, 'Ole Gunnar', 'Solskjær', 77, 48, 5, 77),
    (78, 'Jürgen', 'Klopp', 78, 54, 5, 78),
    (79, 'Thomas', 'Tuchel', 79, 48, 5, 79),
    (80, 'Nuno', 'Espírito Santo', 80, 47, 5, 80),
    (81, 'Mikel', 'Arteta', 81, 39, 5, 81),
    (82, 'Chris', 'Hughton', 82, 62, 5, 82),
    (83, 'David', 'Moyes', 83, 58, 5, 83),
    (84, 'Rafael', 'Benítez', 84, 61, 5, 84),
    (85, 'Dean', 'Smith', 85, 50, 5, 85),
    (86, 'Scott', 'Parker', 86, 40, 5, 86),
    (87, 'Bruno', 'Lage', 87, 45, 5, 87),
    (88, 'Patrick', 'Vieira', 88, 45, 5, 88),
    (89, 'Nathan', 'Jones', 89, 48, 5, 89),
    (90, 'Steve', 'Bruce', 90, 60, 5, 90),
    (91, 'Graham', 'Potter', 91, 46, 5, 91),
    (92, 'Sean', 'Dyche', 92, 50, 5, 92),
    (93, 'Scott', 'Parker', 93, 40, 5, 93),
    (94, 'Slaviša', 'Jokanović', 94, 52, 5, 94),
    (95, 'Thomas', 'Frank', 95, 47, 5, 95),
    (96, 'Roberto', 'De Zerbi', 96, 42, 2, 28)
;
INSERT INTO position (id, name)
VALUES
    (1, 'Gardien'),
    (2, 'Défenseur Centrale'),
    (3, 'Défenseur Droit'),
    (4, 'Défenseur Gauche'),
    (5, 'Milieu Défensif'),
    (6, 'Milieu Central'),
    (7, 'Milieu Offensif'),
    (8, 'Milieu Droit'),
    (9, 'Milieu Gauche'),
    (10, 'Attaquant Droit'),
    (11, 'Attaquant Gauche'),
    (12, 'Attaquant')
;
INSERT INTO player (id, name, surname, age, height, weight, id_position, id_club, id_country, id_city)
VALUES
/* paris-saint-germain */
    (1, 'Keylor', 'Navas', 37, 185, 80, 1, 1, 39, 1),
    (2, 'Gianluigi', 'Donnarumma', 24, 196, 90, 1, 1, 2, 1),
    (3, 'Alexandre', 'Letellier', 33, 193, 93, 1, 1, 1, 1),
    (4, 'Presnel', 'Kimpembe', 28, 183, 77, 2, 1, 1, 1),
    (5, 'Marquinhos', 'Aoás Corrêa', 29, 183, 75, 2, 1, 7, 1),
    (6, 'Lucas', 'Hernandez', 27, 184, 79, 4, 1, 1, 1),
    (7, 'Nuno', 'Mendes', 21, 180, 70, 4, 1, 6, 1),
    (8, 'Achraf', 'Hakimi', 25, 181, 73, 3, 1, 28, 1),
    (9, 'Nordi' , 'Mukiele', 26, 187, 84, 3, 1, 1, 1),
    (10, 'Layvin', 'Kurzawa', 31, 182, 74, 4, 1, 1, 1),
    (11, 'Milan' , 'Skriniar', 28, 188, 80, 2, 1, 69, 1),
    (12, 'Danilo', 'Pereira', 32, 188, 83, 2, 1, 6, 1),
    (13, 'Manuel', 'Ugarte', 22, 182, 77, 5, 1, 31, 1),
    (14, 'Fabian', 'Ruiz', 27, 189, 70, 6, 1, 3, 1),
    (15, 'Vitinha', 'Vitinha', 23, 172, 64, 6, 1, 6, 1),
    (16, 'Lee', 'Kang-In', 22, 173, 66, 9, 1, 19, 1),
    (17, 'Cher', 'Ndour', 19, 190, 80, 6, 1, 2, 1),
    (18, 'Carlos', 'Soler', 26, 180, 76, 6, 1, 3, 1),
    (19, 'Warren', 'Zaïre-Emery', 17, 178, 68, 7, 1, 1, 1),
    (20, 'Ethan', 'Mbappé', 17, 176, 65, 6, 1, 1, 1),
    (21, 'Kylian', 'Mbappé', 25, 178, 75, 11, 1, 1, 1),
    (22, 'Gonçalo', 'Ramos', 22, 185, 79, 12, 1, 6, 1),
    (23, 'Ousmane', 'Dembélé', 26, 178, 67, 10, 1, 1, 1),
    (24, 'Marco', 'Asensio', 27, 182, 76, 10, 1, 3, 1),
    (25, 'Randal', 'Kolo Muani', 25, 187, 73, 12, 1, 1, 1),
    (26, 'Bradley', 'Barcola', 21, 182, 73, 11, 1, 1, 1),
    (27, 'Hugo', 'Ekitike', 21, 189, 75, 12, 1, 1, 1)
    /* à compléter */
;
INSERT INTO referee (id, name, surname, age, id_country, id_city)
VALUES
    (1, 'Benoît', 'Bastien', 38, 1, 1),
    (2, 'Jérôme', 'Brisard', 35, 1, 1),
    (3, 'François', 'Letexier', 32, 1, 1),
    (4, 'Amaury', 'Delerue', 43, 1, 1),
    (5, 'Mikael', 'Lesage', 46, 1, 1),
    (6, 'Johan', 'Hamel', 40, 1, 1),
    (7, 'Jérémie', 'Pignard', 37, 1, 1),
    (8, 'Willy', 'Delajod', 38, 1, 1),
    (9, 'Jérôme', 'Miguelgorry', 40, 1, 1),
    (10, 'Eric', 'Wattellier', 45, 1, 1),
    (11, 'Benoît', 'Millot', 39, 1, 1),
    (12, 'Ruddy', 'Buquet', 44, 1, 1),
;

INSERT INTO match (id, id_club1, id_club2, id_stadium, id_league, id_country, id_city, points_club1, points_club2)
VALUES
/* 1ere journée ligue 1*/
    (1, 12, 16, 12, 1, 1, 12, 1, 1),
    (2, 2, 18, 2, 1, 1, 2, 3, 0),
    (3, 1, 9, 1, 1, 1, 1, 1, 1),
    (4, 14, 13, 14, 1, 1, 14, 3, 0),
    (5, 6, 10, 6, 1, 1, 6, 0, 3),
    (6, 4, 5, 4, 1, 1, 4, 0, 3),
    (7, 8, 11, 8, 1, 1, 8, 1, 1),
    (8, 7, 15, 7, 1, 1, 7, 3, 0),
    (9, 17, 3, 17, 1, 1, 17, 3, 0),
/* 1ere journée serie a*/
    (10, 96, 23, 96, 2, 2, 96, 0, 3),
    (11, 33, 30, 33, 2, 2, 33, 0, 3),
    (12, 34, 35, 34, 2, 2, 34, 0, 3),
    (13, 20, 36, 20, 2, 2, 20, 3, 0),
    (14, 29, 24, 29, 2, 2, 29, 0, 3),
    (15, 22, 28, 22, 2, 2, 22, 1, 1),
    (16, 37, 25, 37, 2, 2, 37, 3, 0),
    (17, 31, 19, 31, 2, 2, 31, 0, 3),
    (18, 26, 32, 26, 2, 2, 26, 1, 1),
    (19, 27, 21, 27, 2, 2, 27, 0, 3),
/* 1ere journée liga*/
    (20, 49, 56, 49, 3, 3, 49, 0, 3),
    (21, 42, 41, 42, 3, 3, 42, 0, 3),
    (22, 45, 52, 45, 3, 3, 45, 1, 1),
    (23, 53, 57, 53, 3, 3, 53, 1, 1),
    (24, 46, 38, 46, 3, 3, 46, 0, 3),
    (25, 48, 55, 48, 3, 3, 48, 0, 3),
    (26, 44, 43, 44, 3, 3, 44, 0, 3),
    (27, 50, 39, 50, 3, 3, 50, 1, 1),
    (28, 51, 47, 51, 3, 3, 51, 3, 0),
    (29, 40, 54, 40, 3, 3, 40, 3, 0),
/* 1ere journée bundesliga*/
    (30, 65, 58, 65, 4, 4, 65, 0, 3),
    (31, 63, 68, 63, 4, 4, 63, 3, 0),
    (32, 66, 70, 66, 4, 4, 66, 0, 3),
    (33, 67, 62, 67, 4, 4, 67, 1, 1),
    (34, 71, 75, 71, 4, 4, 71, 3, 0),
    (35, 61, 60, 61, 4, 4, 61, 3, 0),
    (36, 59, 72, 59, 4, 4, 59, 3, 0),
    (37, 69, 74, 69, 4, 4, 69, 3, 0),
    (38, 64, 73, 64, 4, 4, 64, 3, 0),
/* 1ere journée premier league*/
    (39, 92, 76, 92, 5, 5, 92, 0, 3),
    (40, 81, 82, 81, 5, 5, 81, 3, 0),
    (41, 94, 88, 94, 5, 5, 94, 0, 3),
    (42, 91, 89, 91, 5, 5, 91, 3, 0),
    (43, 84, 86, 84, 5, 5, 84, 0, 3),
    (44, 93, 83, 93, 5, 5, 93, 1, 1),
    (45, 90, 85, 90, 5, 5, 90, 3, 0),
    (46, 95, 80, 95, 5, 5, 95, 1, 1),
    (47, 79, 78, 79, 5, 5, 79, 1, 1),
    (48, 77, 87, 77, 5, 5, 77, 3, 0)
;



 







